url,username,password,extra,name,grouping,fav
http://example.com/0,3MVQ12LB,OFles3bpf,note A/5s9C7lPw,title 0 VNNEFwU2vyF,,
http://example.com/1,kIW+s+bX,04rJAbYb4,note oynAes6oUO,title 1 LuNY6c4TJdU,,
http://example.com/2,2wpw3ql/,nnfl7zJ+G,note +SvGmmisS5,title 2 +fvU7PfAeBH,,
http://example.com/3,ZMkvBvSg,3PzDbxFd6,note AOClShZd3Q,title 3 mxO45+1gdkN,,
http://example.com/4,NPYew9vs,jSjq3BhFQ,note FUFkhfr6Ny,title 4 4gJkkbubVdj,,
http://example.com/5,gkeKZ2Ro,Iqb4oPUfv,note 13SRTW9xP1,title 5 B5osBBZjFG6,,
http://example.com/6,/RF/L9aZ,Z3fc6S+f0,note ZygIvSbMQ5,title 6 HiGY//yMNui,,
http://example.com/7,XzT4Tj6D,b7/gRZIj4,note hNXLiuuKYa,title 7 7B9CQMMeBR7,,
http://example.com/8,z0SLW3TD,UWdIv4vYr,note Svz6ndUdDp,title 8 lBqpElgWuBe,,
http://example.com/9,UmRKDFrl,tTGzHsmu1,note SHuoc+OCov,title 9 ZDEzSx0QWYc,,
http://example.com/10,OxbhOyoz,JHuiTWzcS,note Hz1fkTXBJa,title 10 ygBdG8hI2xF,,
http://example.com/11,/PaG6Gqc,X1hKTM2/3,note qcpU2dei9h,title 11 9qKOuHetygI,,
http://example.com/12,zB1AvmkX,OuSZ1chQ8,note he3TpHsQF5,title 12 BRENT/E01pd,,
